<?xml version="1.0" encoding="UTF-8"?>
<project-private xmlns="http://www.netbeans.org/ns/project-private/1">
    <editor-bookmarks xmlns="http://www.netbeans.org/ns/editor-bookmarks/2" lastBookmarkId="0"/>
    <open-files xmlns="http://www.netbeans.org/ns/projectui-open-files/2">
        <group>
            <file>file:/C:/Users/imaat/Documents/NetBeansProjects/School%20Management%20System/src/view/AddStudentForm.java</file>
            <file>file:/C:/Users/imaat/Documents/NetBeansProjects/School%20Management%20System/src/model/AddStudent.java</file>
            <file>file:/C:/Users/imaat/Documents/NetBeansProjects/School%20Management%20System/src/view/Addadmin.java</file>
            <file>file:/C:/Users/imaat/Documents/NetBeansProjects/School%20Management%20System/src/controller/StudentController.java</file>
            <file>file:/C:/Users/imaat/Documents/NetBeansProjects/School%20Management%20System/src/view/Home.java</file>
            <file>file:/C:/Users/imaat/Documents/NetBeansProjects/School%20Management%20System/src/model/DBConnection.java</file>
            <file>file:/C:/Users/imaat/Documents/NetBeansProjects/School%20Management%20System/src/controller/LoginController.java</file>
            <file>file:/C:/Users/imaat/Documents/NetBeansProjects/School%20Management%20System/src/view/Login.java</file>
        </group>
    </open-files>
</project-private>
